Ensemble(i) model,MAE,MSE,Coverage 95%PI,WIS
1,10.3237899337683,144.402778331135,100,6.49081235802008
