i_th-ranked model,MAE,MSE,Coverage 95%PI,WIS
1,10.3237899337683,144.402778331135,100,6.49081235802008
2,12.3467439427441,302.228161612175,100,8.4806996174729
