Ensemble(i) model,MAE,MSE,Coverage 95%PI,WIS
1,10.2461783568069,140.040227568628,100,6.42575640973143
