Ensemble(i) model,MAE,MSE,Coverage 95%PI,WIS
1,295.568992867131,115319.095703301,93.3333333333333,172.956543502015
2,287.327874880677,107935.012744342,93.3333333333333,167.297590724789
3,292.450450221052,112490.529253716,93.3333333333333,169.648835916877
