Ensemble(i) model,MAE,MSE,Coverage 95%PI,WIS
1,275.700772262015,113370.261291606,90,176.957327550374
2,275.700772262015,113370.261291606,90,176.957327550374
3,275.700772262015,113370.261291606,90,176.957327550374
