MAE,MSE,Coverage 95%PI,WIS
191.179793981954,66261.2061058272,92,122.460271336199
190.3125084168,66534.2336885662,96,122.037952022654
186.104383558989,64662.8123140126,93.3333333333333,118.629176134438
186.368433237685,66083.0857497823,93.3333333333333,120.108517935893
