i_th-ranked model,MAE,MSE,Coverage 95%PI,WIS
1,10.2461783568069,140.040227568628,100,6.42575640973143
2,8.00152617957707,315.439263587275,100,170471.852448675
