MAE,MSE,Coverage 95%PI,WIS
30.411885363273,1476.58207214621,100,18.1280049047028
25.1769713465822,1081.71532938415,100,16.2354528494426
