i_th-ranked model,MAE,MSE,Coverage 95%PI,WIS
1,295.586268518773,115333.254580093,93.3333333333333,176.117277854921
2,291.07976583848,111237.619368374,93.3333333333333,169.003761737731
3,264.201999274134,90640.390770369,96.6666666666667,150.962684494436
4,331.854458747285,150640.561521421,83.3333333333333,204.022861095794
