MAE,MSE,Coverage 95%PI,WIS
30.039131272174,1418.11320178345,100,17.4572375753022
24.7646003799542,1044.79495928874,100,16.237152813476
