MAE,MSE,Coverage 95%PI,WIS
29.5590299802271,1400.65027526205,100,17.8751431178831
18.9396717595527,704.894117513144,100,13.5254176583393
