Ensemble(i) model,MAE,MSE,Coverage 95%PI,WIS
1,314.658696691258,133096.275288946,86.6666666666667,191.649393741427
2,311.933708190575,130076.817437226,86.6666666666667,190.742598381159
3,311.899868311638,130254.543439778,83.3333333333333,190.177556676336
